Index,Thema
1,"Das letzte Buch, das Sie gelesen haben"
2,Lieblingsreiseziele
3,"Das beste Essen, das Sie je hatten"
4,Lustige Geschichten aus früheren Operationen
5,"Wie Sie sich entschieden haben, Chirurg zu werden"
6,Die Bedeutung eines gesunden Lebensstils
7,Fortschritte in der Medizintechnik
8,Ihre Lieblingsfilme
9,Interessante Fälle aus dem Medizinstudium
10,Die Geschichte der Chirurgie
11,Wie Sie sich nach einem langen Tag entspannen
12,Die Bedeutung von Teamarbeit im Operationssaal
13,Ihre Lieblingshobbys
14,"Unvergessliche Patienten, die Sie getroffen haben"
15,Die Reaktion Ihrer Familie auf Ihre Berufswahl
16,Die Entwicklung chirurgischer Techniken
17,Was Ihnen an Ihrem Beruf am meisten gefällt
18,Die Herausforderungen des Chirurgenberufs
19,Ratschläge für angehende Chirurgen
20,Die Rolle der Ernährung bei der Genesung
21,"Das Lustigste, was im OP passiert ist"
22,Wie Sie sich auf komplizierte Operationen vorbereiten
23,Die Bedeutung der psychischen Gesundheit für medizinisches Personal
24,Die Rolle der Musik im Operationssaal
25,Ihre bevorzugte Art von Operationen
26,Der lohnendste Teil Ihrer Arbeit
27,Die Bedeutung des lebenslangen Lernens in der Medizin
28,Wie Sie mit Stresssituationen umgehen
29,"Die erste Operation, die Sie durchgeführt haben"
30,Ihre Gedanken zur Zukunft der Chirurgie
31,Der Einfluss der Technologie auf die Patientenversorgung
32,Die Rolle von Mentorship in Ihrer Karriere
33,Die Bedeutung der Patientenkommunikation
34,Ihre Erfahrungen mit Notfalloperationen
35,"Die herausforderndste Operation, die Sie durchgeführt haben"
36,Ihr Ansatz zur Work-Life-Balance
37,Der Einfluss Ihres Jobs auf Ihr Privatleben
38,"Die häufigsten Operationen, die Sie durchführen"
39,Ihre Lieblingswerkzeuge in der Chirurgie
40,Die Bedeutung der Präzision in der Chirurgie
41,Die Rolle der Anästhesie in der Chirurgie
42,Wie Sie sich über medizinische Forschung auf dem Laufenden halten
43,"Der interessanteste medizinische Fall, den Sie gesehen haben"
44,Die Bedeutung von körperlicher Fitness für Chirurgen
45,Wie Sie unter Druck ruhig bleiben
46,Die Rolle der Robotik in der Chirurgie
47,"Die ungewöhnlichste Operation, die Sie durchgeführt haben"
48,Die Bedeutung des Patientenvertrauens
49,Ihre Erfahrungen mit internationalen medizinischen Missionen
50,Der Einfluss der Chirurgie auf das Leben der Patienten
51,Wie Sie die Patientensicherheit gewährleisten
52,Die Bedeutung der Zusammenarbeit im Gesundheitswesen
53,Die Rolle der Intuition in der Chirurgie
54,Ihre Gedanken zu medizinischen Ethikfragen
55,"Die schwierigste Entscheidung, die Sie in einer Operation getroffen haben"
56,Die Bedeutung der Nachsorge nach einer Operation
57,Ihre Lieblingsmedizinischen Konferenzen
58,"Die inspirierendste Patientengeschichte, die Sie erlebt haben"
59,Wie Sie mit chirurgischen Komplikationen umgehen
60,Die Rolle von Empathie in der Patientenversorgung
61,Die Bedeutung kontinuierlicher Verbesserung
62,Wie Sie Ihren OP-Plan verwalten
63,Ihre Erfahrungen mit der Ausbildung von Medizinstudenten
64,Die Bedeutung der Sterilisation in der Chirurgie
65,"Die unvergesslichste Operation, die Sie durchgeführt haben"
66,Wie Sie mit den Ergebnissen einer Operation umgehen
67,Die Rolle von Innovationen in Ihrer Karriere
68,Ihre Erfahrungen mit Telemedizin
69,Die Bedeutung von Ruhe und Erholung für Chirurgen
70,Ihre Lieblingsgeschichte von chirurgischen Erfolgen
71,Die Herausforderungen bei der Operation von Kindern
72,Wie Sie die Erwartungen der Patienten managen
73,Die Rolle von Erfahrung in chirurgischen Entscheidungen
74,Ihre Gedanken zur alternativen Medizin
75,Die Bedeutung der Unterstützung durch die Familie in Ihrer Karriere
76,Wie Sie mit den emotionalen Aspekten der Chirurgie umgehen
77,Ihre Lieblingschirurgischen Instrumente
78,Der Einfluss chirurgischer Forschung auf die Patientenversorgung
79,Die Rolle von Simulationen in der chirurgischen Ausbildung
80,Wie Sie sich bei langen Operationen konzentrieren
81,Die überraschendste Erkenntnis als Chirurg
82,Die Bedeutung der Patientenaufklärung
83,Wie Sie ein gutes Verhältnis zu Patienten aufbauen
84,Ihre Gedanken zum Gesundheitssystem
85,Die Rolle von Achtsamkeit in der Chirurgie
86,Ihre Erfahrungen mit Organtransplantationen
87,"Der herausforderndste Patientenfall, den Sie hatten"
88,Wie Sie mit chirurgischen Notfällen umgehen
89,Der Einfluss der Chirurgie auf die Lebensqualität der Patienten
90,Ihre Lieblingsmedizinischen TV-Sendungen
91,Die Bedeutung der Ethik in der Chirurgie
92,Wie Sie Präzision in der Chirurgie sicherstellen
93,Ihre Erfahrungen mit minimalinvasiver Chirurgie
94,Die Rolle von Patientenfeedback in Ihrer Praxis
95,Wie Sie sich an neue chirurgische Techniken anpassen
96,"Die lohnendste Patientenerholung, die Sie erlebt haben"
97,Die Bedeutung der Patientenorientierten Versorgung
98,Wie Sie chirurgische Risiken managen
99,Ihre Gedanken zur Zukunft des Gesundheitswesens
100,Die Rolle der Kommunikation im Operationssaal
